{
  "k1_results": {
    "MRR@1": 0.16666666666666666,
    "MAP@1": 0.16666666666666666,
    "Recall@1": 0.16666666666666666,
    "NDCG@1": 0.16666666666666666
  },
  "k3_results": {
    "MRR@3": 0.5933333333333334,
    "MAP@3": 0.5933333333333334,
    "Recall@3": 0.9543333333333,
    "NDCG@3": 0.692441461309548
  }
}